"CardNumber","CardType","ExpMonth","ExpYear","CVC","Name"
"4242424242424242","Visa","12","14","123","Tanuki Kodomo"
"4012888888881881","Visa","11","15","7890","PUNI PANIO"
"5555555555554444","MasterCard","10","16","123","Ore Dareda"
"5105105105105100","MasterCard","9","17","7890","omae nani"
"378282246310005","American Express","8","18","123","Omae"
"371449635398431","American Express","7","19","7890","Nanika"
"30569309025904","Diners Club","6","20","123","Popo Poe"
"38520000023237","Diners Club","5","21","7890","FUTUU WARITO"
"3530111333300000","JCB","4","22","123","ORE"
"3566002020360505","JCB","3","23","7890","omae"
